{"stats":{"minecraft:broken":{"cte_essentials:plate_0_helmet":1,"cte_essentials:plate_0_chestplate":1,"cte_essentials:plate_0_leggings":1,"cte_essentials:plate_0_boots":1},"minecraft:used":{"roe_weapons:axe_0":7,"minecraft:chest":1,"minecraft:spruce_planks":9,"minecraft:zombie_spawn_egg":1,"roe_weapons:scythe_2":63,"minecraft:torch":1,"gateways:gate_pearl":1,"minecraft:skeleton_spawn_egg":1,"minecraft:crafting_table":1,"minecraft:iron_pickaxe":2,"roe_weapons:sword_2":217},"minecraft:killed_by":{"minecraft:player":5,"mca:male_villager":1,"minecraft:spider":2,"minecraft:zombie":2,"born_in_chaos_v1:dread_hound":1},"minecraft:dropped":{"mmorpg:gems/azurite/1":1,"minecraft:stick":1,"minecraft:dirt":1,"aquaculture:wooden_fillet_knife":1,"minecraft:string":2},"minecraft:crafted":{"minecraft:crafting_table":1,"minecraft:spruce_planks":32,"minecraft:chest":1},"minecraft:picked_up":{"minecraft:coarse_dirt":2,"mmorpg:gems/topaz/1":1,"illagerinvasion:platinum_chunk":2,"mmorpg:jewelry/ring/iron":1,"minecraft:tuff":1,"projectvibrantjourneys:rocks":1,"alexsmobs:rocky_shell":1,"minecraft:string":2,"minecraft:dirt":1,"mmorpg:currency/extract_gem":1,"minecraft:bone":4,"mmorpg:gems/azurite/1":2,"minecraft:spruce_planks":1,"minecraft:iron_pickaxe":1,"lightmanscurrency:coin_iron":9,"minecraft:stick":2,"cte_essentials:plate_0_boots":1,"minecraft:torch":1,"born_in_chaos_v1:dark_rod":1,"minecraft:pointed_dripstone":1,"minecraft:spruce_log":9,"lightmanscurrency:coin_copper":55,"minecraft:skeleton_spawn_egg":1,"minecraft:rotten_flesh":17,"minecraft:arrow":5,"mmorpg:runes/ano":1,"roe_weapons:sword_0":1,"alexsmobs:maggot":3,"minecraft:cobblestone":1,"minecraft:ender_pearl":3},"minecraft:custom":{"minecraft:blood":0,"lootr:looted_stat":1,"minecraft:mob_kills":34,"minecraft:interact_with_crafting_table":1,"minecraft:damage_dealt_resisted":427,"minecraft:leave_game":1,"minecraft:time_since_death":14394,"minecraft:damage_resisted":0,"minecraft:levels_gained":8,"minecraft:mana":120,"minecraft:time_since_rest":14418,"minecraft:magic_shield":0,"minecraft:sprint_one_cm":83792,"minecraft:walk_one_cm":224723,"minecraft:damage_taken":9871,"minecraft:damage_absorbed":1055,"minecraft:drop":5,"minecraft:damage_dealt":5965,"minecraft:health":287,"minecraft:swim_one_cm":4434,"minecraft:fly_one_cm":88589,"minecraft:open_chest":17,"minecraft:crouch_one_cm":1794,"waystones:waystone_activated":1,"minecraft:play_time":86791,"minecraft:sneak_time":383,"minecraft:deaths":15,"minecraft:walk_under_water_one_cm":4544,"minecraft:jump":1139,"minecraft:energy":120,"minecraft:walk_on_water_one_cm":2288,"minecraft:total_world_time":86791,"minecraft:fall_one_cm":65693},"minecraft:killed":{"mca:female_zombie_villager":1,"born_in_chaos_v1:baby_skeleton":1,"born_in_chaos_v1:zombie_bruiser":1,"born_in_chaos_v1:maggot":4,"minecraft:skeleton":2,"minecraft:pillager":2,"minecraft:zombie":12,"born_in_chaos_v1:dread_hound":3,"minecraft:stray":1,"born_in_chaos_v1:dark_vortex":1,"alexsmobs:fly":2,"born_in_chaos_v1:door_knight":1},"minecraft:mined":{"minecraft:torch":1,"projectvibrantjourneys:twigs":1,"minecraft:spruce_leaves":6,"minecraft:large_fern":1,"minecraft:coarse_dirt":2,"minecraft:spruce_log":5,"minecraft:grass":3,"projectvibrantjourneys:short_grass":2,"minecraft:dirt_path":1,"minecraft:stone":2,"minecraft:fern":4}},"DataVersion":3465}