{"stats":{"minecraft:broken":{"cte_essentials:cloth_0_boots":1,"cte_essentials:plate_0_helmet":1,"cte_essentials:plate_0_leggings":1,"cte_essentials:leather_0_chestplate":1},"minecraft:used":{"roe_weapons:crossbow_0":7,"roe_weapons:axe_1":54,"cte_essentials:cloth_0_leggings":1,"roe_weapons:greatsword_2":160,"minecraft:stone_pickaxe":4,"minecraft:spruce_planks":2,"minecraft:wooden_pickaxe":5,"minecraft:zombie_spawn_egg":1,"roe_weapons:scythe_0":14,"roe_weapons:dagger_2":48,"minecraft:torch":1,"minecraft:skeleton_spawn_egg":1,"minecraft:crafting_table":1,"minecraft:smoker":2,"minecraft:spruce_log":1,"minecraft:wooden_axe":11,"minecraft:bread":7,"minecraft:iron_pickaxe":28,"cte_essentials:plate_0_leggings":1},"minecraft:killed_by":{"minecraft:creeper":1},"minecraft:dropped":{"minecraft:coarse_dirt":5,"biomeswevegone:fir_sapling":1,"projectvibrantjourneys:light_brown_bark_mushroom":1,"roe_weapons:totem_5":2,"minecraft:white_wool":3,"biomeswevegone:fir_planks":16},"minecraft:crafted":{"minecraft:crafting_table":1,"minecraft:spruce_planks":5,"minecraft:wooden_pickaxe":1,"minecraft:air":60,"biomeswevegone:fir_planks":7,"minecraft:stick":2,"minecraft:stone_pickaxe":1,"minecraft:wooden_axe":1},"minecraft:picked_up":{"roe_weapons:spear_0":1,"roe_weapons:tome_0":1,"minecraft:charcoal":7,"born_in_chaos_v1:corpse_maggot":8,"minecraft:coarse_dirt":5,"born_in_chaos_v1:monster_flesh":2,"minecraft:smoker":2,"roe_weapons:crossbow_0":2,"roe_weapons:greatsword_2":5,"minecraft:gunpowder":2,"biomeswevegone:fir_log":7,"cte_essentials:cloth_0_leggings":1,"minecraft:string":5,"minecraft:dirt":2,"minecraft:raw_copper":3,"born_in_chaos_v1:monster_skin":2,"minecraft:bone":7,"chococraft:gysahl_green":9,"roe_weapons:scythe_0":4,"born_in_chaos_v1:gnawed_bones":1,"minecraft:iron_pickaxe":1,"minecraft:glass_bottle":1,"roe_weapons:sword_1":1,"lightmanscurrency:coin_iron":5,"mmorpg:material/mining/0":1,"minecraft:raw_iron":8,"projectvibrantjourneys:light_brown_bark_mushroom":2,"minecraft:stick":2,"biomeswevegone:fir_sapling":1,"roe_weapons:shield_0":3,"minecraft:torch":1,"born_in_chaos_v1:ethereal_spirit":1,"roe_weapons:axe_1":3,"born_in_chaos_v1:dark_rod":1,"mmorpg:jewelry/necklace/iron":1,"chococraft:gysahl_green_seeds":4,"minecraft:spruce_sapling":1,"minecraft:pointed_dripstone":1,"mmorpg:skill_gems/support/int":1,"minecraft:spruce_log":6,"cte_essentials:plate_0_leggings":1,"minecraft:spider_eye":1,"roe_weapons:dagger_0":1,"lightmanscurrency:coin_copper":8,"minecraft:arrow":1,"minecraft:rotten_flesh":24,"mmorpg:jewelry/necklace/diamond":1,"aquaculture:wooden_fillet_knife":1,"mmorpg:jewelry/necklace/gold":1,"roe_weapons:sword_0":1,"biomeswevegone:blueberries":2,"alexsmobs:maggot":4,"supplementaries:ash":2,"roe_weapons:totem_5":2,"minecraft:mutton":4,"minecraft:coal":14,"minecraft:white_wool":3,"minecraft:cobblestone":4,"biomeswevegone:stripped_fir_log":1},"minecraft:custom":{"minecraft:blood":0,"lootr:looted_stat":3,"minecraft:interact_with_furnace":7,"minecraft:mob_kills":64,"minecraft:interact_with_crafting_table":6,"minecraft:damage_dealt_resisted":0,"minecraft:leave_game":2,"minecraft:time_since_death":23520,"minecraft:damage_resisted":0,"minecraft:climb_one_cm":1053,"minecraft:levels_gained":8,"minecraft:mana":120,"minecraft:time_since_rest":23548,"minecraft:walk_one_cm":266604,"minecraft:magic_shield":0,"minecraft:sprint_one_cm":107918,"minecraft:damage_taken":6212,"minecraft:damage_absorbed":1257,"minecraft:drop":7,"minecraft:damage_dealt":10633,"minecraft:health":259,"minecraft:damage_dealt_absorbed":38,"minecraft:talked_to_villager":1,"minecraft:fly_one_cm":196537,"minecraft:open_chest":7,"minecraft:deaths":1,"minecraft:crouch_one_cm":496,"minecraft:play_time":83777,"waystones:waystone_activated":1,"minecraft:sneak_time":112,"minecraft:jump":1253,"minecraft:energy":120,"minecraft:walk_on_water_one_cm":457,"minecraft:interact_with_smoker":4,"minecraft:total_world_time":83777,"minecraft:fall_one_cm":42434},"minecraft:killed":{"minecraft:husk":1,"born_in_chaos_v1:baby_skeleton":1,"riskofrain_mobs:lemurian_entity":2,"minecraft:spider":5,"illagerinvasion:marauder":1,"minecraft:creeper":2,"born_in_chaos_v1:decrepit_skeleton":1,"born_in_chaos_v1:maggot":12,"born_in_chaos_v1:baby_spider":1,"minecraft:sheep":3,"minecraft:skeleton":3,"minecraft:zombie":23,"born_in_chaos_v1:dread_hound":1,"born_in_chaos_v1:dark_vortex":1,"alexsmobs:fly":4},"minecraft:mined":{"minecraft:smoker":2,"minecraft:torch":1,"projectvibrantjourneys:twigs":2,"minecraft:copper_ore":1,"minecraft:spruce_leaves":1,"biomeswevegone:stripped_fir_log":1,"minecraft:iron_ore":8,"minecraft:spruce_log":6,"biomeswevegone:blueberry_bush":1,"minecraft:coal_ore":14,"chococraft:gysahl_green":4,"minecraft:pointed_dripstone":1,"minecraft:dirt_path":2,"projectvibrantjourneys:short_grass":1,"biomeswevegone:fir_log":7,"minecraft:cobweb":1,"minecraft:stone":5}},"DataVersion":3465}