{"stats":{"minecraft:used":{"minecraft:water_bucket":15,"minecraft:stone_pickaxe":227,"minecraft:iron_sword":4,"minecraft:wooden_pickaxe":3,"aquaculture:wooden_fillet_knife":17,"minecraft:torch":12,"roe_weapons:staff_2":89,"minecraft:iron_axe":33,"minecraft:bread":5,"biomeswevegone:fir_crafting_table":2,"minecraft:iron_pickaxe":8,"minecraft:cobblestone":2,"minecraft:furnace":2,"minecraft:bucket":16,"minecraft:egg":2,"roe_weapons:crossbow_1":1},"minecraft:broken":{"minecraft:stone_pickaxe":1,"cte_essentials:cloth_0_boots":1,"cte_essentials:cloth_0_leggings":3,"cte_essentials:cloth_0_helmet":1,"cte_essentials:cloth_0_chestplate":1},"minecraft:killed_by":{"minecraft:piglin_brute":1,"minecraft:zombie":3,"born_in_chaos_v1:zombie_bruiser":1,"born_in_chaos_v1:dread_hound":1},"minecraft:dropped":{"minecraft:porkchop":1,"minecraft:glass_bottle":1,"roe_weapons:bow_0":1,"minecraft:crafting_table":1,"roe_weapons:greatsword_0":2,"roe_weapons:hammer_0":1,"minecraft:coal":3,"projectvibrantjourneys:light_brown_bark_mushroom":1,"minecraft:gunpowder":2,"roe_weapons:shield_0":1,"minecraft:arrow":6,"minecraft:stone_pickaxe":1,"minecraft:iron_pickaxe":2,"roe_weapons:crossbow_1":2},"minecraft:crafted":{"biomeswevegone:fir_crafting_table":2,"minecraft:wooden_pickaxe":1,"minecraft:furnace":1,"minecraft:bucket":1,"minecraft:air":127,"biomeswevegone:fir_planks":25,"minecraft:iron_axe":1,"minecraft:stick":13,"minecraft:iron_pickaxe":3,"minecraft:iron_ingot":14,"minecraft:stone_pickaxe":2,"minecraft:torch":3},"minecraft:picked_up":{"born_in_chaos_v1:corpse_maggot":5,"minecraft:crafting_table":1,"minecraft:air":0,"minecraft:feather":2,"minecraft:chicken":2,"minecraft:salmon":1,"born_in_chaos_v1:seedof_chaos":1,"roe_weapons:crossbow_0":1,"roe_weapons:crossbow_1":2,"minecraft:potato":1,"roe_weapons:tome_2":1,"roe_weapons:greatsword_0":2,"simplehats:goggles":1,"minecraft:gunpowder":3,"biomeswevegone:fir_log":25,"cte_essentials:cloth_0_leggings":2,"minecraft:bone":20,"mmorpg:jewel/dex":1,"roe_weapons:scythe_0":6,"minecraft:iron_ingot":4,"minecraft:stone_pickaxe":1,"mmorpg:currency/chaos_orb":1,"roe_weapons:hammer_0":1,"born_in_chaos_v1:stimulating_decoction":1,"mmorpg:skill_gems/support/dex":2,"minecraft:furnace":2,"minecraft:raw_iron":56,"minecraft:egg":2,"minecraft:stick":1,"mmorpg:material/mining/0":10,"projectvibrantjourneys:light_brown_bark_mushroom":1,"roe_weapons:shield_0":1,"born_in_chaos_v1:ethereal_spirit":3,"roe_weapons:bow_0":1,"minecraft:porkchop":1,"born_in_chaos_v1:dark_rod":2,"minecraft:cherry_log":1,"mmorpg:skill_gems/support/int":1,"roe_weapons:gauntlet_0":1,"minecraft:spider_eye":2,"roe_weapons:dagger_0":1,"minecraft:arrow":15,"minecraft:rotten_flesh":38,"biomeswevegone:crocus":1,"roe_weapons:sword_0":1,"supplementaries:ash":1,"minecraft:coal":171,"minecraft:cobblestone":46},"minecraft:custom":{"minecraft:blood":0,"minecraft:interact_with_furnace":20,"lootr:looted_stat":6,"minecraft:mob_kills":95,"minecraft:interact_with_crafting_table":14,"minecraft:damage_dealt_resisted":0,"minecraft:leave_game":5,"minecraft:time_since_death":2668,"minecraft:sleep_in_bed":8,"minecraft:damage_resisted":0,"minecraft:levels_gained":10,"minecraft:mana":153,"minecraft:time_since_rest":2698,"minecraft:magic_shield":42,"minecraft:sprint_one_cm":86507,"minecraft:walk_one_cm":199892,"minecraft:damage_taken":5203,"minecraft:damage_absorbed":3935,"minecraft:drop":18,"minecraft:damage_dealt":2513,"minecraft:health":301,"minecraft:swim_one_cm":2434,"minecraft:fly_one_cm":176620,"minecraft:player_kills":3,"minecraft:open_chest":2,"minecraft:crouch_one_cm":10315,"minecraft:play_time":75751,"minecraft:deaths":6,"minecraft:sneak_time":2479,"minecraft:walk_under_water_one_cm":2480,"minecraft:jump":1060,"minecraft:energy":140,"minecraft:walk_on_water_one_cm":1975,"minecraft:total_world_time":75751,"minecraft:fall_one_cm":46011},"minecraft:killed":{"born_in_chaos_v1:zombie_clown":1,"born_in_chaos_v1:bonescaller":1,"minecraft:pig":1,"born_in_chaos_v1:zombie_lumberjack":1,"born_in_chaos_v1:baby_skeleton":1,"riskofrain_mobs:lemurian_entity":1,"alexsmobs:raccoon":3,"minecraft:spider":5,"minecraft:creeper":2,"born_in_chaos_v1:zombie_bruiser":2,"born_in_chaos_v1:decrepit_skeleton":1,"born_in_chaos_v1:baby_skeleton_minion":1,"born_in_chaos_v1:maggot":11,"born_in_chaos_v1:baby_spider":1,"minecraft:skeleton":18,"born_in_chaos_v1:zombie_fisherman":1,"minecraft:zombie":26,"minecraft:chicken":3,"minecraft:stray":2,"born_in_chaos_v1:dark_vortex":3,"born_in_chaos_v1:door_knight":1,"minecraft:piglin_brute":4,"minecraft:cow":2},"minecraft:mined":{"minecraft:crafting_table":1,"minecraft:cave_vines_plant":1,"projectvibrantjourneys:fallen_leaves":1,"minecraft:moss_block":1,"minecraft:furnace":2,"minecraft:iron_ore":28,"minecraft:coal_ore":161,"projectvibrantjourneys:short_grass":3,"biomeswevegone:fir_log":32,"minecraft:stone":41}},"DataVersion":3465}