{"stats":{"minecraft:broken":{"cte_essentials:leather_0_helmet":1,"minecraft:wooden_axe":1,"cte_essentials:leather_0_boots":1,"cte_essentials:leather_0_chestplate":1},"minecraft:used":{"minecraft:chest":1,"minecraft:wooden_pickaxe":58,"minecraft:skeleton_spawn_egg":1,"minecraft:wooden_axe":61,"roe_weapons:staff_2":89,"minecraft:bread":9,"biomeswevegone:fir_crafting_table":2},"minecraft:killed_by":{"minecraft:zombie":1},"minecraft:dropped":{"biomeswevegone:fir_sapling":24,"cte_essentials:plate_2_helmet":1,"projectvibrantjourneys:orange_bark_mushroom":1,"cte_essentials:plate_5_leggings":1,"projectvibrantjourneys:light_brown_bark_mushroom":3,"roe_weapons:totem_5":1,"minecraft:spruce_log":5,"biomeswevegone:fir_log":25,"projectvibrantjourneys:bark_mushroom":1},"minecraft:crafted":{"biomeswevegone:fir_crafting_table":2,"minecraft:wooden_pickaxe":1,"minecraft:air":92,"biomeswevegone:fir_planks":20,"minecraft:stick":7,"minecraft:wooden_axe":2,"minecraft:chest":1},"minecraft:picked_up":{"minecraft:crafting_table":1,"cte_essentials:leather_0_helmet":1,"alexsmobs:bear_fur":3,"biomeswevegone:fir_log":61,"alexsmobs:rocky_shell":1,"minecraft:string":10,"mmorpg:currency/extract_gem":1,"minecraft:wheat_seeds":1,"roe_weapons:staff_2":8,"projectvibrantjourneys:light_brown_bark_mushroom":3,"minecraft:stick":7,"biomeswevegone:fir_sapling":24,"projectvibrantjourneys:bark_mushroom":1,"roe_weapons:bow_0":1,"minecraft:spruce_sapling":1,"cte_essentials:plate_5_leggings":1,"minecraft:spider_eye":1,"minecraft:arrow":1,"minecraft:rotten_flesh":12,"mmorpg:runes/ano":1,"projectvibrantjourneys:orange_bark_mushroom":1,"minecraft:white_wool":3,"minecraft:cobblestone":59},"minecraft:custom":{"minecraft:blood":0,"lootr:looted_stat":1,"minecraft:mob_kills":25,"minecraft:interact_with_crafting_table":10,"minecraft:damage_dealt_resisted":9,"minecraft:leave_game":1,"minecraft:time_since_death":19078,"minecraft:sleep_in_bed":4,"minecraft:damage_resisted":0,"minecraft:levels_gained":8,"minecraft:mana":120,"minecraft:time_since_rest":19132,"minecraft:walk_one_cm":155732,"minecraft:magic_shield":22,"minecraft:sprint_one_cm":250048,"minecraft:damage_taken":2200,"minecraft:damage_absorbed":1216,"minecraft:drop":11,"minecraft:damage_dealt":2464,"minecraft:health":259,"minecraft:fly_one_cm":118012,"minecraft:player_kills":2,"minecraft:open_chest":1,"minecraft:crouch_one_cm":1224,"waystones:waystone_activated":1,"minecraft:play_time":128256,"minecraft:deaths":1,"minecraft:sneak_time":932,"minecraft:walk_under_water_one_cm":283,"minecraft:jump":813,"minecraft:energy":120,"minecraft:walk_on_water_one_cm":199,"minecraft:total_world_time":128256,"minecraft:fall_one_cm":21460},"minecraft:killed":{"alexsmobs:grizzly_bear":1,"minecraft:vindicator":2,"minecraft:spider":2,"mutantmonsters:mutant_skeleton":1,"born_in_chaos_v1:maggot":1,"minecraft:skeleton":1,"minecraft:pillager":1,"minecraft:zombie":8,"minecraft:stray":1,"alexsmobs:fly":2,"alexsmobs:rocky_roller":2,"minecraft:enderman":1},"minecraft:mined":{"minecraft:spruce_planks":1,"minecraft:crafting_table":1,"minecraft:spruce_leaves":4,"biomeswevegone:fir_log":61,"minecraft:stone":58}},"DataVersion":3465}